{
    "state": "down",
    "L": 4,
    "Jt": 1.293373,
    "correlations": {
        "sz": -0.2926434,
        "szsz": {
            "(0, 1)": 0.5068117,
            "(0, 2)": 0.5045979
        },
        "szsz_c": {
            "(0, 1)": 0.4211716,
            "(0, 2)": 0.4189578
        }
    }
}