{
    "J": 1.0,
    "state": "down",
    "L": 5,
    "correlations": {
        "sz": -0.20845686616937206,
        "szsz": {
            "(0, 1)": 0.4827173014231985,
            "(0, 2)": 0.45401270131521165
        },
        "szsz_c": {
            "(0, 1)": 0.43926303637004305,
            "(0, 2)": 0.4105584362620562
        }
    }
}