{
    "sz": -0.17400000000000002,
    "sz_err": 0.022025065737104364,
    "szsz": {
        "(0, 1)": 0.33866666666666667
    },
    "szsz_err": {
        "(0, 1)": 0.021044476501145357
    },
    "szsz_c": {
        "(0, 1)": 0.3083916666666667
    },
    "szsz_c_err": {
        "(0, 1)": 0.028709207258281938
    }
}