{
    "J": 1.0,
    "state": "down",
    "sizes": [
        {
            "L": 4,
            "time": 1.293373,
            "corr_idx": [
                [
                    0,
                    1
                ],
                [
                    0,
                    2
                ]
            ],
            "Jt": 1.293373
        },
        {
            "L": 5,
            "time": 1.501433,
            "corr_idx": [
                [
                    0,
                    1
                ],
                [
                    0,
                    2
                ]
            ],
            "Jt": 1.501433
        },
        {
            "L": 6,
            "time": 1.702574,
            "corr_idx": [
                [
                    0,
                    1
                ],
                [
                    0,
                    2
                ],
                [
                    0,
                    3
                ]
            ],
            "Jt": 1.702574
        }
    ]
}