{
    "J": 1.0,
    "state": "down",
    "sizes": [
        {
            "L": 4,
            "time": 1.293373,
            "corr_idx": [
                [
                    0,
                    1
                ],
                [
                    0,
                    2
                ]
            ],
            "Jt": 1.293373,
            "pulses": {
                "Omega": 2.0,
                "delta": 4.249999999999998
            }
        },
        {
            "L": 5,
            "time": 1.501433,
            "corr_idx": [
                [
                    0,
                    1
                ],
                [
                    0,
                    2
                ]
            ],
            "Jt": 1.501433,
            "pulses": {
                "Omega": 2.0,
                "delta": 4.222912360003362
            }
        },
        {
            "L": 6,
            "time": 1.702574,
            "corr_idx": [
                [
                    0,
                    1
                ],
                [
                    0,
                    2
                ],
                [
                    0,
                    3
                ]
            ],
            "Jt": 1.702574,
            "pulses": {
                "Omega": 2.0,
                "delta": 4.179398148148138
            }
        }
    ],
    "rydberg": {
        "level": 60,
        "a": 7.74853910349383
    }
}