{
  "J": 1.0,
  "state": "down",
  "rydberg": {
    "level": 60,
    "a": 7.74853910349383
  },
  "L": 4,
  "time": 1.293,
  "corr_idx": [
    [
      0,
      1
    ],
    [
      0,
      2
    ]
  ],
  "pulses": {
    "Omega": 2.0,
    "delta": 4.249999999999998
  }
}