{
    "plus": {
        "2": 0.555,
        "3": 0.7850389321468298,
        "4": 1.12903,
        "5": 1.402548,
        "6": 1.651857,
        "7": 1.942086,
        "8": 2.21194,
        "9": 2.461577,
        "10": 2.742819,
        "11": 3.007292,
        "12": 3.266857,
        "13": 3.536776,
        "14": 3.799995,
        "15": 4.059872,
        "16": 4.330286,
        "17": 4.588446,
        "18": 4.848773,
        "19": 5.117467,
        "20": 5.377519,
        "21": 5.634544,
        "22": 5.901737,
        "23": 6.162039,
        "24": 6.420735,
        "25": 6.683928,
        "26": 6.943933,
        "27": 7.202902,
        "28": 7.466771,
        "29": 7.724479,
        "30": 7.982861,
        "31": 8.246431,
        "32": 8.50554,
        "33": 8.762049,
        "34": 9.024334,
        "35": 9.28366,
        "36": 9.541468,
        "37": 9.801868,
        "38": 10.06041,
        "39": 10.31805,
        "40": 10.57948,
        "41": 10.83709,
        "42": 11.09378,
        "43": 11.35453,
        "44": 11.61352,
        "45": 11.86961,
        "46": 12.12912,
        "47": 12.3876,
        "48": 12.64479,
        "49": 12.90386,
        "50": 13.16162
    },
    "down": {
        "2": 0.7850000000000001,
        "3": 1.0102892102335927,
        "4": 1.293373,
        "5": 1.501433,
        "6": 1.702574,
        "7": 1.927075,
        "8": 2.095881,
        "9": 2.422157,
        "10": 2.704268,
        "11": 3.044515,
        "12": 3.364382,
        "13": 3.568395,
        "14": 3.799092,
        "15": 4.039484,
        "16": 4.224376,
        "17": 4.532818,
        "18": 4.853719,
        "19": 5.149844,
        "20": 5.467383,
        "21": 5.674169,
        "22": 5.903022,
        "23": 6.136447,
        "24": 6.332981,
        "25": 6.629618,
        "26": 6.887139,
        "27": 7.239321,
        "28": 7.556753,
        "29": 7.762571,
        "30": 8.00208,
        "31": 8.227214,
        "32": 8.426757,
        "33": 8.713562,
        "34": 8.931234,
        "35": 9.303563,
        "36": 9.640658,
        "37": 9.842784,
        "38": 10.09199,
        "39": 10.31355,
        "40": 10.51813,
        "41": 10.78587,
        "42": 10.98936,
        "43": 11.35484,
        "44": 11.71004,
        "45": 11.91813,
        "46": 12.17768,
        "47": 12.39176,
        "48": 12.60596,
        "49": 12.85922,
        "50": 13.05409
    }
}